combo,model,scaled,rmse,mae,r2,train_sec,infer_ms_per_sample
MLP scaled + RF unscaled,RF,False,4.370630886082564,3.084973234126975,0.9528943998250985,0.09146897900018303,0.403933833341499
MLP scaled + RF unscaled,MLP,True,5.53372526007101,4.008367554985693,0.9244873924411696,0.284061974999986,0.0036536666685707234
MLP scaled + RF scaled,RF,True,4.797239839129148,3.3364939054232714,0.9432498329926847,0.08517432500002542,0.42227336110853586
MLP scaled + RF scaled,MLP,True,5.53372526007101,4.008367554985693,0.9244873924411696,0.28406530400025076,0.003762500000448199
MLP unscaled + RF unscaled,RF,False,4.370630886082563,3.084973234126975,0.9528943998250985,0.08916480099969704,0.6974797500005377
MLP unscaled + RF unscaled,MLP,False,5.339810367248423,4.052891506376952,0.9296869480453102,0.27984126000001197,0.0037713888837566222
MLP unscaled + RF scaled,RF,True,4.797239839129147,3.336493905423271,0.9432498329926847,0.08855307999965589,0.7185895555544953
MLP unscaled + RF scaled,MLP,False,5.339810367248423,4.052891506376952,0.9296869480453102,0.27842118400030813,0.003744666666231448
